名称,价格,url
极品红加仑车厘子色超七单珠！尺寸16.8mm重量6.6克  感兴趣的话点“我想要”和我私聊吧～,4780,http://img.alicdn.com/bao/uploaded/i2/O1CN01bkjjdA1POBnxHLRjC_!!0-fleamarket.jpg
出售天加(TICA)独立式变频多联空调机组，型号TIMS34 0DSA，室外机。轻微使用痕迹，功能完好无维修。制冷量95,600,http://img.alicdn.com/bao/uploaded/i2/O1CN01M3iCCW1F8U6dDZT2R_!!4611686018427387514-0-fleamarket.jpg
准新二手移动制砂机到货(高配版）  1012箱体，液压开箱，先筛后破 尾部折叠出料带，内外9成新,4050,http://img.alicdn.com/bao/uploaded/i3/O1CN01ikM1Y51NlsxjaHZHY_!!0-fleamarket.jpg
新货天然祖母绿 颜色甜美  1.49克拉 精切 做个设计款很美 靓绿 爆闪满火彩犀利璀璨 荧光感满满 品相很美 尺寸5.,745,http://img.alicdn.com/bao/uploaded/i3/O1CN01SFrBFe2M50aRSShIZ_!!4611686018427385567-0-fleamarket.jpg
凯越500X原厂17寸后轮毂，轮胎，牙盘，刹车盘，一套，行驶 几千公里的成色，拆车件，正常使用痕迹。,780,http://img.alicdn.com/bao/uploaded/i4/O1CN01w5LjLi225CLeI2SUN_!!0-fleamarket.jpg
月亮老师作文ppt小学1-6年级  感兴趣的话点“我想要”和我私聊吧～,100,http://img.alicdn.com/bao/uploaded/i4/O1CN01hdXSG71GXVLLmIeI5_!!4611686018427382088-0-fleamarket.jpg
白磁、王侠军，中华瓷器文化复兴者、华人创新创意领袖之一，金戈 铁马白磁作品，海外回流，31ⅹ35cm，全球限量收藏版，全,68000,http://img.alicdn.com/bao/uploaded/i2/O1CN01KKiYxY267ixfkaiZC_!!0-fleamarket.jpg
Yamaha雅马哈FX600 II，几乎全新，电箱款，配件齐 全，包括变调夹和调音器。功能完好无维修，适合初学者或爱好者,980,http://img.alicdn.com/bao/uploaded/i2/O1CN019ragWR1rj59WrWlgq_!!4611686018427384578-0-fleamarket.jpg
明清老水晶荷花纹笔添长7.5厘米高3厘米宽5厘米包老包真  感兴趣的话点“我想要”和我私聊吧～,1789,http://img.alicdn.com/bao/uploaded/i4/O1CN011NtO7A2Er5A7lENSi_!!0-fleamarket.jpg
绍兴美年❗️绍兴美年大健康体检套餐父母体检卡男士体检套餐女士 体检卡  点图片可以看原图‼️  [1]地址：绍兴美年大健,499,http://img.alicdn.com/bao/uploaded/i3/O1CN01obRFFS2BCN10RGa4M_!!53-fleamarket.heic
精密滑台 铝制电移台 成色如图 看好再拍  二手转让 售出不 退不换 不包邮,550,http://img.alicdn.com/bao/uploaded/i1/O1CN019mtZIN1ulJwDoqV8I_!!4611686018427381517-0-fleamarket.jpg
靠窗长条桌家用阳台客厅小台吧北欧大理石吧台桌奶茶店高脚桌组合  一桌380 凳子一起打包650 自提。 不议价,380,http://img.alicdn.com/bao/uploaded/i1/4012842465/O1CN01NxvjgO1U50q3l3wVI_!!0-item_pic.jpg
玛米亚77mm镜头盖➕uv➕遮光罩  感兴趣的话点“我想要”和我私聊吧～,158,http://img.alicdn.com/bao/uploaded/i1/O1CN01OMnpzr2E4XChmXHgO_!!0-fleamarket.jpg
led大屏P2.5，7米X1.2，加架变压器一平屏650  感兴趣的话点“我想要”和我私聊吧～,650,http://img.alicdn.com/bao/uploaded/i1/O1CN01Epu7ev1mYTsUwto6r_!!4611686018427380406-0-fleamarket.jpg
144芯光交箱288芯，576芯光交箱现货，方头满配，圆头男 配，可配空箱，可做无标，可根据客户要求定制标,600,http://img.alicdn.com/bao/uploaded/i4/O1CN01ctHTTj1BsxjrqbXR4_!!53-fleamarket.heic
卡宝干磨机，可双人使用，无磨头，只配一根管，生产日期2017 ，成色如图所示正常使用，原价2万多买的想，修理厂经营不善低,4500,http://img.alicdn.com/bao/uploaded/i3/O1CN01ibeoiy1KQs2YRQ0bq_!!53-fleamarket.heic
LED射灯，聚光灯泡轨道灯光源，服装店商场酒店超市光源。一个 20。全要15一个,18,http://img.alicdn.com/bao/uploaded/i2/O1CN013Zd3Jp1ugHZppeS8f_!!4611686018427381890-0-fleamarket.jpg
旧藏 宋钧窑葡萄紫釉御题四方洗  规格：高14公分 口径20公分  #古玩杂项 #兴趣收藏好货 #捡漏趣藏老货,299,http://img.alicdn.com/bao/uploaded/i1/O1CN01xKkzTx2DRbVNKYwkj_!!0-fleamarket.jpg
90年代安徽名酒高炉陈酿”53度500ml”以下价格喝品价   400/300/200。三瓶通走800。有喜欢的私”  ,799,http://img.alicdn.com/bao/uploaded/i4/O1CN01dqlzxK2F81tGCKldU_!!4611686018427382242-0-fleamarket.jpg
迪桑特裤子，L码，平时穿S和M码都可以穿的下，腰是绑带的，穿 过，闲置出,150,http://img.alicdn.com/bao/uploaded/i2/O1CN018P4wOv2LY1vY7MXhy_!!53-fleamarket.heic
"厦门市专业门窗维修安装师傅上门 
门窗维修品类主要包括木质门窗维修、塑钢门窗维修、铝合金门窗维修、断桥铝门窗维修、彩钢门",12,http://img.alicdn.com/bao/uploaded/i3/O1CN01Dsqsro1gieyBLT8ox_!!53-fleamarket.heic
棉花被定做手工棉花被褥 被芯 冬被 学生被 填充河北邢台威县 自家种植纯棉花 纯棉包布手工缝制 大小尺寸兼可定做,60,http://img.alicdn.com/bao/uploaded/i3/O1CN01sEigv424SfwKyClzW_!!4611686018427381454-0-fleamarket.jpg
净水器龙头，2分管适用，有个塑料墙体支架，只有一个  感兴趣的话点“我想要”和我私聊吧～,5,http://img.alicdn.com/bao/uploaded/i4/O1CN01YDEImH1E6MWLOTkk3_!!53-fleamarket.heic
方程豹5 MK车顶平台车顶行李框行李架爬梯侧爬梯侧书包侧机甲  尺寸2140*1323*102，重量32.2KG。适合喜,1400,http://img.alicdn.com/bao/uploaded/i3/O1CN013fgW6b1NVOpD5X6RX_!!4611686018427382999-0-fleamarket.jpg
老棉布C33 Ⅱ米  提花布 干净 平整 厚实，尺寸如图，实 物漂亮，拍前确认，售后不退换！,80,http://img.alicdn.com/bao/uploaded/i1/O1CN018Sw8wj2DMZCj4xKNS_!!4611686018427383891-0-fleamarket.jpg
纯实木桌子，实木餐桌 原价一千二一套，倍儿上档次，还剩七八套 。 感兴趣的话点“我想要”和我私聊吧～,300,http://img.alicdn.com/bao/uploaded/i1/O1CN01YY9jKm1UvEUzl3gAJ_!!4611686018427384115-53-fleamarket.heic
进口指南者尾箱垫，  感兴趣的话点“我想要”和我私聊吧～,200,http://img.alicdn.com/bao/uploaded/i3/O1CN01ZShXZK1yQ1wPzYGPh_!!0-fleamarket.jpg
吻胜独立式光电感烟火灾探测报警器    型号  JTY-GF-WSH6102   全新,30,http://img.alicdn.com/bao/uploaded/i2/O1CN01wz8w651NHCS0MQAjg_!!0-fleamarket.jpg
美国原装进口康宁牌骨瓷金边餐具一套，高档碗盘碗具乔迁餐具礼盒 ，浮雕工艺，品质高端，坚固耐用不易碎，买的正品六百，没开封,398,http://img.alicdn.com/bao/uploaded/i3/O1CN01L3X7Zz1tnmGmndDTl_!!53-fleamarket.heic
【标价直出20cm娃衣】万圣节小恶魔  听说你还在苦苦寻找万圣节主题娃衣？！ 3点 恶魔斗篷 恶魔披风 蝴蝶结恶魔叉 未,49,http://img.alicdn.com/bao/uploaded/i1/O1CN01rBGpoN21r06wTCKfi_!!0-fleamarket.jpg
#爱机车爱生活 深远007/009电动车大灯总成改装LED双 光透镜恶魔眼远近光一体车灯，包邮摩托车大灯改装配件恶魔眼，,110,http://img.alicdn.com/bao/uploaded/i4/O1CN01swuDbx1M6puJqqmzX_!!53-fleamarket.heic
阳江市内上门波轮洗衣机全拆清洗  感兴趣的话点“我想要”和我私聊吧～,140,http://img.alicdn.com/bao/uploaded/i2/O1CN01JzxSrZ29QuVq6on1e_!!4611686018427380175-0-fleamarket.jpg
沃尔沃S80后备箱开关，拆车件  感兴趣的话点“我想要”和我私聊吧～,100,http://img.alicdn.com/bao/uploaded/i2/O1CN01JPInIu1y2feTO5MWt_!!53-fleamarket.heic
NBA 球星凯尔特人塔图姆 单张  单张价格为18元 不包邮 售出不退换,18,http://img.alicdn.com/bao/uploaded/i4/O1CN01f8zNpL1ZIp5DWxMON_!!0-fleamarket.jpg
【哈尔滨索菲亚教堂冰箱贴】全新正品，可转动时光AR冰箱贴，带 有索菲亚教堂元素。喜欢赶紧入手哦~   闲置出售，不退不换,50,http://img.alicdn.com/bao/uploaded/i1/O1CN01wqMIuH1lWoqZUzzLF_!!4611686018427384555-0-fleamarket.jpg
推拉式帐篷，总展开面积40平方米，长度8米，宽度4米。四面透 明围布，支架钢管质量超好。因实际使用情况不适宜，特忍痛割爱,600,http://img.alicdn.com/bao/uploaded/i1/O1CN015qvJJi2G1RarpBu20_!!53-fleamarket.heic
进口大众老夏朗2.8（零件号：0229051715C和022 905100N通用）新夏朗2.0（零件号：06H90571,220,http://img.alicdn.com/bao/uploaded/i1/O1CN01QmbI3z2Imjn3LialR_!!0-fleamarket.jpg
自拍杆 还带遥控器  感兴趣的话点“我想要”和我私聊吧～,30,http://img.alicdn.com/bao/uploaded/i1/O1CN01zxTlrk2EZDm5icYfw_!!4611686018427382022-0-fleamarket.jpg
二手原装进口拆机科索P600E-24电源输出24V27A 成 色如图 功能完好 看好下单 售出不退 一个,280,http://img.alicdn.com/bao/uploaded/i3/O1CN01Rr5k2P1HyM4HOxgoy_!!0-fleamarket.jpg
一次性纸杯  餐饮店不开了 一次性纸杯共32包  一包40个纸杯 打包出50 不议价需要的直接来拿不包邮,50,http://img.alicdn.com/bao/uploaded/i4/O1CN01PMtYdT1fTG4KbhEVL_!!4611686018427383255-53-fleamarket.heic
ZEBRA斑马 JJZ66 blen速干减震中性笔 白色 套 装一根笔➕一黑一红两根替芯 入坑买太多出一部分回回血 全新,15,http://img.alicdn.com/bao/uploaded/i4/O1CN01AMla4L1J3gMwYXTpG_!!0-fleamarket.jpg
小雅象背奶包，上班便携好帮手！送三储奶瓶哦~   实物如图，轻微使用痕迹，介意慎拍。二手物品，不退不换。  品牌：小雅象,35,http://img.alicdn.com/bao/uploaded/i4/O1CN01trEAP61joYy4rch2K_!!4611686018427381267-53-fleamarket.heic
伊丽莎白圈猫绝育项圈防舔除跳蚤英短猫咪脖圈颈圈头套狗宠物用品 （L号）,7,http://img.alicdn.com/bao/uploaded/i3/O1CN01kYxdmV1XIhyQewpyf_!!53-fleamarket.heic
圣诞款手机链，全部手绘珠手穿，含厚奶油捏捏[比心][比心][ 包邮][包邮],98,http://img.alicdn.com/bao/uploaded/i2/O1CN01He4iZN1wyGDmjANBO_!!0-fleamarket.jpg
全新手工编织秋冬拖鞋，男款39～42码  感兴趣的话点“我想要”和我私聊吧～,50,http://img.alicdn.com/bao/uploaded/i2/O1CN01FJKm791RsziXqFMVo_!!4611686018427384264-0-fleamarket.jpg
出一套 米沃奇 电批 稀罕货。  配置：主机1把，电池2块，充电器1个 ，工具箱1个。,500,http://img.alicdn.com/bao/uploaded/i3/O1CN010AdCUS1lp8dhupUkB_!!0-fleamarket.jpg
日本canmake眉毛雨衣  全新的，购于实体店，绝对保真 22一个 不议价，议价不回 售出不退不换,22,http://img.alicdn.com/bao/uploaded/i1/O1CN01eRvvSf2IEqdIcK9VC_!!4611686018427386583-53-fleamarket.heic
景泰蓝瓶，创汇老货，高26公分，紫铜厚胎，重848克，完好， 行家来 感兴趣的话点“我想要”和我私聊吧～,598,http://img.alicdn.com/bao/uploaded/i1/O1CN01EkpVHq21HH4UVxv3v_!!0-fleamarket.jpg
全新婴儿游泳圈套脖 未用，5元自提，10元包邮  感兴趣的话点“我想要”和我私聊吧～,5,http://img.alicdn.com/bao/uploaded/i1/O1CN01Sanja51euRwydAmy6_!!4611686018427382155-0-fleamarket.jpg
原装进口宫田牌自行车拆车鞍座  带JAPAN字样 鞍座支架有锈蚀 座皮上面完好，侧面有小破损， 不影响使用 质量很好 图,268,http://img.alicdn.com/bao/uploaded/i4/O1CN01AuFFpx2MV70ZWEfJE_!!53-fleamarket.heic
舒齿佳儿童三面牙刷，适合3-12岁小朋友，软毛设计，采用包裹 式清洁，保护宝宝牙龈。颜色多样，随机发货或可指定。2支装1,11.90,http://img.alicdn.com/bao/uploaded/i4/O1CN01FeoSpo1Gh7fHzNA3S_!!4611686018427387133-53-fleamarket.heic
建大3.00-10真空胎，几乎全新，无补丁无老化。适用于电动 车，轮胎质量有保证。纯实物拍摄，所见即所得，包邮到家！需要,32,http://img.alicdn.com/bao/uploaded/i1/O1CN01xvMmDj1b1XeATFCj9_!!4611686018427383133-0-fleamarket.jpg
凯越450rr防撞球  感兴趣的话点“我想要”和我私聊吧～,125,http://img.alicdn.com/bao/uploaded/i2/O1CN013p5jjS1QqPqw9tnkH_!!4611686018427384507-0-fleamarket.jpg
天泰60油锯价格358  感兴趣的话点“我想要”和我私聊吧～,358,http://img.alicdn.com/bao/uploaded/i3/O1CN01eNe1SH1uPKu3PUzjd_!!4611686018427380509-0-fleamarket.jpg
Down For It All 女士羽绒马甲运动外套丨lul ulemon丨LW4CB0S 8号，9.5成新,533.66,http://img.alicdn.com/bao/uploaded/i1/2635590370/O1CN01PjaoJY1EbVWvnAPgC_!!0-item_pic.jpg
高夫全新电动牙刷  买一送一个充电线和两只刷头 包邮出一支19元，两支35元（不支持退换货  谨慎下单 非诚勿扰）,19,http://img.alicdn.com/bao/uploaded/i1/O1CN01qc3KS61TqMSeaCr2Y_!!53-fleamarket.heic
实木高低床，拆了忘记拍照收个图片做为参考 ，后面就这个床图片 ，上下两层、下面宽一米四 长2米 前面带三个抽屉 ，后面可,578,http://img.alicdn.com/bao/uploaded/i4/O1CN018PDHpB1PinUvANK2k_!!53-fleamarket.heic
蒂乐学座椅，挺结实的  感兴趣的话点“我想要”和我私聊吧～,55,http://img.alicdn.com/bao/uploaded/i1/O1CN01WT9JKc22tZuBSphsr_!!0-fleamarket.jpg
特斯拉y前档玻璃原厂圣戈班  福耀玻璃都可以提前约 感兴趣的话点“我想要”和我私聊吧～,2500,http://img.alicdn.com/bao/uploaded/i4/O1CN018kgPQw20EhKuDHp38_!!0-fleamarket.jpg
"正品大艺2106全新未使用，有需要的老铁请联系。 
感兴趣的话点“我想要”和我私聊吧～",200,http://img.alicdn.com/bao/uploaded/i1/O1CN018bGhc41ipBtZKhMKD_!!4611686018427380013-53-fleamarket.heic
"轻站,企业官网，企业网站小程序，公司网站小程序  轻站，全端 自带模板 一站多端全平台覆盖，海量H5 和pc模版，支持p",299,http://img.alicdn.com/bao/uploaded/i4/O1CN0189lZj72FXg2iEw3Xf_!!4611686018427387322-0-fleamarket.jpg
爱默生Emersongear新品蓝标系列Triple Tec h战术衬衫男士上衣全新正品，编号EM9381， RG绿色S,298,http://img.alicdn.com/bao/uploaded/i2/O1CN015k8a9Z283ifMASZS1_!!53-fleamarket.heic
富士拍立得 what's up 家庭礼包4块一个   全新未拆封，含mini相册、相框、贴纸、回形针、夹子套装（含麻绳）,4,http://img.alicdn.com/bao/uploaded/i4/O1CN01nY7AKw1ECJnHdJiDw_!!4611686018427386747-0-fleamarket.jpg
【#园艺用品 】日本进口“とリ田”かツル园艺嫁接小刀，户外家 用大马士革“霞流”纹水果刀  全长：17.5cm，刃长5.,40,http://img.alicdn.com/bao/uploaded/i2/O1CN01o3dudA24aScO60u3P_!!0-fleamarket.jpg
【包邮】不锈钢烧烤签子木柄烧烤针圆签扁签   仓库升级，所有产品清仓处理，都是全新的，忍疼甩卖，数量有限，先到先得！  ,9.90,http://img.alicdn.com/bao/uploaded/i3/O1CN01p1jzpI2AZROJ1S6UC_!!0-fleamarket.jpg
博主闲置 全新 Michiko原创运动芭蕾风蝴蝶结瑜伽抽绳束 口健身收纳大容量防水包 仅拍照 吊牌在,115,http://img.alicdn.com/bao/uploaded/i2/O1CN013fh7WT1eFEFyIynHe_!!0-fleamarket.jpg
【特价处理】搓澡神器软毛浴刷搓背不求人搓泥洗澡刷欲花刷长柄   实体店干不下去了，特价处理，数量有限，先到先得  规格:,12.90,http://img.alicdn.com/bao/uploaded/i3/O1CN01rOz7FY29a4LG54svB_!!53-fleamarket.heic
西数 SA500 2T 送散热片套装  全新国行联保,950,http://img.alicdn.com/bao/uploaded/i4/O1CN01IwIow81h3GlTyZvFx_!!0-fleamarket.jpg
还没拆封 科大讯飞p20plus翻译笔 扫读笔词典笔 扫描点 读笔 英语翻译机 离线词典笔   数码城关闭留下来的词典笔,207,http://img.alicdn.com/bao/uploaded/i1/O1CN01olN9mj21Fu0IsGSMH_!!0-fleamarket.jpg
双鹰红木砂纸 批发价格 进口双鹰砂纸  可以分层 量大便宜  感兴趣的话点“我想要”和我私聊吧～,24.90,http://img.alicdn.com/bao/uploaded/i4/O1CN01GYHVeL1ahNyg5NeG3_!!0-fleamarket.jpg
全新欧美达钥匙扣，简约大方，金属质感十足。适合搭配任何风格， 是车钥匙的最佳伴侣。  品牌：Omuda/欧美达 成色：全,29.99,http://img.alicdn.com/bao/uploaded/i4/O1CN01Qy1nFx1NatakEQy8i_!!4611686018427380131-0-fleamarket.jpg
CAMPINGMOON柯曼不锈钢MINI烤网户外烧水烧烤网架 搭配酒精炉可用 柯曼-W-020柯曼MINI烤网-含挂片 ,21,http://img.alicdn.com/bao/uploaded/i1/O1CN01Is5HoW1UfCcCtdVw2_!!4611686018427382688-0-fleamarket.jpg
大疆Osmo Action 3保护贴膜Action3全贴彩色 贴纸无痕,15,http://img.alicdn.com/bao/uploaded/i1/O1CN01qXfUVU1GX2qKLYW6q_!!0-fleamarket.jpg
（捡漏的来！便宜出）高档亚克力桌腿  高档亚克力桌脚，非常牢固承受压力很大放心使用 （现货有以下库存）定制联系客服 下手,315,http://img.alicdn.com/bao/uploaded/i1/O1CN01rgzgrC1MCKcsVYcLL_!!0-fleamarket.jpg
【优惠价】实木阳台专用储物柜防晒飘窗改造柜子客厅…  实木柜子！全新没用，安装好后没有用过，限自提,580,http://img.alicdn.com/bao/uploaded/i1/O1CN01sETSQe1JsWJreZHWb_!!0-fleamarket.jpg
张德洪阳澄湖大闸蟹2023全新688-1088-1588-2 288-2888-3588-都有 公司送礼多了 帮忙处理 ,114.99,http://img.alicdn.com/bao/uploaded/i1/O1CN01BmgUSm1ZbbSUd2NzC_!!53-fleamarket.heic
厦门千艺汽车真皮座椅可接所有车型内饰定制，版型保证准确，皮料 种类多。  可设计整车搭配，让爱车更美观，更干净整洁，让爱,158.30,http://img.alicdn.com/bao/uploaded/i4/O1CN01mJeDwd1ljdcI32xay_!!0-fleamarket.jpg
尼康UC-E24原装数据线  图片实拍，包邮出。,40,http://img.alicdn.com/bao/uploaded/i3/O1CN01puzykY1xOMo4EDu4u_!!53-fleamarket.heic
适用于Dji Pocket2磁吸支架大疆OSMOpocket 口袋相机磁铁吸盘户外固定支架拓展配件灵眸云台多功能固定磁铁,30,http://img.alicdn.com/bao/uploaded/i2/O1CN01RES3P62Hk9tIFlPve_!!53-fleamarket.heic
豫道酸辣宽粉田亮代言清真红薯粉酸辣粉135g桶装速食冲泡免煮   特别好吃！！超级推荐的酸辣粉，吃了以后久久忘不掉，真的,13.80,http://img.alicdn.com/bao/uploaded/i4/O1CN01gGn9Ra2AoYU6er8gb_!!0-fleamarket.jpg
零基础 一对一俄语辅导  可帮忙辅导俄语作业 俄语专业课 俄语专四专八辅导 线上解答疑难  提供各种俄语服务 高考俄语 ,50,http://img.alicdn.com/bao/uploaded/i4/O1CN01dbrYaa1OFCNCo9KtY_!!0-fleamarket.jpg
大工椅80元一张，有3张  后面款有2张 感兴趣的话点“我想要”和我私聊吧～,80,http://img.alicdn.com/bao/uploaded/i3/O1CN0194pDVR1dJWQAdRE2d_!!4611686018427382627-53-fleamarket.heic
【985硕水平写作】征文、散文、演讲稿、新闻稿、发言稿、读书 笔记、主持稿、竞选稿、通讯稿、广告文案、工作总结、申请书、,10,http://img.alicdn.com/bao/uploaded/i2/O1CN01xZobpW1eoUpRO50gI_!!4611686018427381406-53-fleamarket.heic
全新白色聚丙烯板，适合多用途使用。板材坚固耐用，尺寸齐全，可 根据需求定制。适合用于鱼缸水族箱、养殖箱等。需要的朋友联系,10.50,http://img.alicdn.com/bao/uploaded/i4/O1CN01pQ3bB726yOcbt0w4K_!!4611686018427387842-0-fleamarket.jpg
全套带电钻电动马桶疏通管道清洁疏通器过弯疏通器弹簧家用地漏专 业疏通下水  出几套全新的下水道疏通器，原先干保洁时剩下的,85,http://img.alicdn.com/bao/uploaded/i4/O1CN01ORZ3Sj2Ap0roOE20W_!!53-fleamarket.heic
来自小日本的WISE（威士）牌可换头可换头可换头棘轮螺丝刀， 不带批头品相如图所示，看好拍，三个75包邮。白色小瑕疵不影,75,http://img.alicdn.com/bao/uploaded/i2/O1CN01EQ8gEs1dsmujsZdxG_!!4611686018427386896-0-fleamarket.jpg
民谣吉他拾音器尾插连接线6.35转3.5，升级或替换LR等品 牌木吉他拾音器尾孔，韩产6.35插孔，美产安费诺3.5插头,110,http://img.alicdn.com/bao/uploaded/i2/O1CN01RfWtwJ1l1fgacRGy3_!!53-fleamarket.heic
林下参籽低残1元一克250克起买包邮    里面有断头的，没有疤锈，248元半斤，纹好须毛好，打粉料，可免费打粉  默认,248,http://img.alicdn.com/bao/uploaded/i3/O1CN01DpJM2r1HXKmsMSUdC_!!4611686018427382095-53-fleamarket.heic
90口径杯盖  感兴趣的话点“我想要”和我私聊吧～,77,http://img.alicdn.com/bao/uploaded/i4/O1CN01QXi9bC1qnpbYsvuS1_!!4611686018427383717-0-fleamarket.jpg
缅甸花梨交椅一把，做工精细，用料考究，铜件平镶内嵌，坐面手工 编织软榻，表面封漆抗氧化处理。交椅在古代乃帝王之座，通体榫,6000,http://img.alicdn.com/bao/uploaded/i3/O1CN01mCPC5W1zAkKDp3Dd7_!!53-fleamarket.heic
印度小叶紫檀屏风镶彩贝  屏风 印度小叶紫檀制 31.2*12*25,2588,http://img.alicdn.com/bao/uploaded/i2/O1CN01aLWaXq1vqBiKpYxEh_!!0-fleamarket.jpg
骏德红茶-三枞知味（青苔香）   采自海拔1500～1600米的野猪窖山场。此处，山高谷深，烂石沃泥。苔痕历历，藤蕨垂挂,1200,http://img.alicdn.com/bao/uploaded/i3/O1CN013nQd3U1anLAdzQZlg_!!53-fleamarket.heic
哈啰电动车通用，报警器36伏到72伏，哈啰电动车专用，简易安 装，特价特价，可批发,13,http://img.alicdn.com/bao/uploaded/i4/O1CN01jplgqI1pxcQdmzxRk_!!0-fleamarket.jpg
风筝挂件，旋转挂件，风筝转尾，长六米，格子布（另有伞布）大力 马提线，配色自定（可双色，三色，六色）标价为单价,170,http://img.alicdn.com/bao/uploaded/i4/O1CN01ULM4YG1y4xYIqlmVn_!!0-fleamarket.jpg
【75抽12包】洁柔厨房抽纸洁柔厨房纸食物用纸吸水吸油纸厨房 抽纸纸巾家用擦手纸整箱实惠装3D压花吸水吸油2层  [红圆,11.50,http://img.alicdn.com/bao/uploaded/i4/O1CN01D8veHc1tAqfeVrYqB_!!53-fleamarket.heic
乔氏台球桌插板金银色插板穿板星牌乔氏插板标牌侧板配件中八专用  感兴趣的话点“我想要”和我私聊吧～,80,http://img.alicdn.com/bao/uploaded/i1/O1CN01qcdmKp1ggN0KTcMDT_!!4611686018427382523-53-fleamarket.heic
牛皮纸袋平底自封袋茶叶密封袋加厚镀铝箔零食防潮食品茶饼封口袋  共200个,13,http://img.alicdn.com/bao/uploaded/i4/O1CN01d5hGsZ1UFYRUVKDKv_!!4611686018427381672-0-fleamarket.jpg
喷笔迷你气泵连接软管，3米编织气管1/8+1/4快速接口。  感兴趣的话点“我想要”和我私聊吧～,12,http://img.alicdn.com/bao/uploaded/i3/O1CN01HAIqDF1WRa4K4IIki_!!4611686018427380353-0-fleamarket.jpg
海南贵妃芒果树上熟5斤9斤包邮红金龙彩虹芒现摘新鲜芒果热带水 果  贵妃芒也被称为红金龙，是古代朝贡中深受欢迎的水果之一,39.90,http://img.alicdn.com/bao/uploaded/i1/O1CN01YNNzU025NSqqa23xE_!!0-fleamarket.jpg
